# codepoint	private glyph	advance; generated by build_core_menu_assets.py
20	E800	4
21	E801	4
22	E802	6
23	E803	7
24	E804	7
25	E805	12
26	E806	9
27	E807	4
28	E808	5
29	E809	5
2A	E80A	6
2B	E80B	8
2C	E80C	5
2D	E80D	5
2E	E80E	4
2F	E80F	5
30	E810	8
31	E811	6
32	E812	7
33	E813	7
34	E814	7
35	E815	7
36	E816	8
37	E817	7
38	E818	7
39	E819	8
3A	E81A	4
3B	E81B	5
3C	E81C	7
3D	E81D	7
3E	E81E	7
3F	E81F	7
40	E820	12
41	E821	7
42	E822	8
43	E823	8
44	E824	8
45	E825	7
46	E826	7
47	E827	9
48	E828	8
49	E829	4
4A	E82A	7
4B	E82B	8
4C	E82C	7
4D	E82D	9
4E	E82E	8
4F	E82F	9
50	E830	8
51	E831	9
52	E832	8
53	E833	8
54	E834	8
55	E835	8
56	E836	8
57	E837	10
58	E838	7
59	E839	7
5A	E83A	7
5B	E83B	5
5C	E83C	5
5D	E83D	5
5E	E83E	7
5F	E83F	7
60	E840	5
61	E841	7
62	E842	8
63	E843	7
64	E844	8
65	E845	7
66	E846	5
67	E847	7
68	E848	7
69	E849	4
6A	E84A	4
6B	E84B	7
6C	E84C	4
6D	E84D	10
6E	E84E	7
6F	E84F	8
70	E850	8
71	E851	8
72	E852	6
73	E853	6
74	E854	7
75	E855	7
76	E856	7
77	E857	10
78	E858	7
79	E859	7
7A	E85A	6
7B	E85B	4
7C	E85C	4
7D	E85D	5
7E	E85E	7
B1	E85F	11
B7	E860	5
D7	E861	10
F7	E862	9
2026	E863	10
2190	E864	11
2191	E865	9
2192	E866	11
2193	E867	9
25A1	E868	10
3000	E869	10
3001	E86A	5
3002	E86B	5
300C	E86C	11
300D	E86D	5
300E	E86E	11
300F	E86F	6
3010	E870	11
3011	E871	5
301C	E872	11
3041	E873	10
3042	E874	11
3043	E875	10
3044	E876	11
3045	E877	9
3046	E878	10
3047	E879	10
3048	E87A	11
3049	E87B	11
304A	E87C	11
304B	E87D	11
304C	E87E	11
304D	E87F	10
304E	E880	11
304F	E881	9
3050	E882	10
3051	E883	11
3052	E884	11
3053	E885	10
3054	E886	11
3055	E887	10
3056	E888	12
3057	E889	10
3058	E88A	10
3059	E88B	11
305A	E88C	11
305B	E88D	11
305C	E88E	11
305D	E88F	10
305E	E890	11
305F	E891	11
3060	E892	11
3061	E893	10
3062	E894	11
3063	E895	10
3064	E896	11
3065	E897	11
3066	E898	11
3067	E899	11
3068	E89A	10
3069	E89B	11
306A	E89C	11
306B	E89D	10
306C	E89E	11
306D	E89F	11
306E	E8A0	11
306F	E8A1	11
3070	E8A2	11
3071	E8A3	11
3072	E8A4	10
3073	E8A5	11
3074	E8A6	11
3075	E8A7	11
3076	E8A8	11
3077	E8A9	11
3078	E8AA	11
3079	E8AB	11
307A	E8AC	11
307B	E8AD	11
307C	E8AE	11
307D	E8AF	11
307E	E8B0	10
307F	E8B1	11
3080	E8B2	11
3081	E8B3	11
3082	E8B4	10
3083	E8B5	10
3084	E8B6	11
3085	E8B7	11
3086	E8B8	10
3087	E8B9	10
3088	E8BA	10
3089	E8BB	10
308A	E8BC	10
308B	E8BD	11
308C	E8BE	11
308D	E8BF	10
308E	E8C0	10
308F	E8C1	11
3090	E8C2	11
3091	E8C3	11
3092	E8C4	10
3093	E8C5	11
3094	E8C6	11
3095	E8C7	11
3096	E8C8	11
30A1	E8C9	10
30A2	E8CA	11
30A3	E8CB	10
30A4	E8CC	10
30A5	E8CD	10
30A6	E8CE	10
30A7	E8CF	10
30A8	E8D0	10
30A9	E8D1	10
30AA	E8D2	11
30AB	E8D3	10
30AC	E8D4	11
30AD	E8D5	11
30AE	E8D6	11
30AF	E8D7	10
30B0	E8D8	11
30B1	E8D9	11
30B2	E8DA	11
30B3	E8DB	10
30B4	E8DC	11
30B5	E8DD	11
30B6	E8DE	11
30B7	E8DF	11
30B8	E8E0	11
30B9	E8E1	11
30BA	E8E2	11
30BB	E8E3	10
30BC	E8E4	11
30BD	E8E5	10
30BE	E8E6	11
30BF	E8E7	10
30C0	E8E8	11
30C1	E8E9	11
30C2	E8EA	11
30C3	E8EB	10
30C4	E8EC	11
30C5	E8ED	11
30C6	E8EE	11
30C7	E8EF	11
30C8	E8F0	10
30C9	E8F1	10
30CA	E8F2	11
30CB	E8F3	10
30CC	E8F4	10
30CD	E8F5	11
30CE	E8F6	10
30CF	E8F7	11
30D0	E8F8	11
30D1	E8F9	11
30D2	E8FA	11
30D3	E8FB	11
30D4	E8FC	11
30D5	E8FD	10
30D6	E8FE	11
30D7	E8FF	11
30D8	E900	11
30D9	E901	11
30DA	E902	11
30DB	E903	11
30DC	E904	11
30DD	E905	10
30DE	E906	11
30DF	E907	10
30E0	E908	11
30E1	E909	10
30E2	E90A	11
30E3	E90B	10
30E4	E90C	11
30E5	E90D	10
30E6	E90E	11
30E7	E90F	9
30E8	E910	10
30E9	E911	10
30EA	E912	9
30EB	E913	12
30EC	E914	10
30ED	E915	10
30EE	E916	10
30EF	E917	10
30F0	E918	11
30F1	E919	11
30F2	E91A	11
30F3	E91B	11
30F4	E91C	11
30F5	E91D	10
30F6	E91E	10
30F7	E91F	11
30F8	E920	11
30F9	E921	11
30FA	E922	11
30FB	E923	8
30FC	E924	11
4E00	E925	11
4E07	E926	11
4E0A	E927	11
4E0B	E928	11
4E0D	E929	11
4E0E	E92A	11
4E21	E92B	11
4E2D	E92C	11
4E80	E92D	12
4E86	E92E	11
4E88	E92F	11
4E95	E930	11
4EA1	E931	12
4EA4	E932	11
4EBA	E933	11
4ECA	E934	11
4ED5	E935	11
4ED8	E936	12
4EE5	E937	12
4EF6	E938	11
4F10	E939	11
4F1A	E93A	11
4F4D	E93B	11
4F4E	E93C	11
4F53	E93D	11
4F55	E93E	11
4F5C	E93F	11
4F7F	E940	11
4FA1	E941	11
4FDD	E942	11
5009	E943	11
500B	E944	11
500D	E945	10
5012	E946	10
5019	E947	11
5024	E948	11
505C	E949	10
5099	E94A	11
50BE	E94B	11
5100	E94C	11
5143	E94D	11
5145	E94E	11
5146	E94F	11
5148	E950	11
5149	E951	11
5165	E952	11
5168	E953	11
5171	E954	12
5175	E955	11
5177	E956	11
5185	E957	11
5186	E958	11
518D	E959	11
5192	E95A	11
51B6	E95B	12
51CD	E95C	11
51E6	E95D	11
51FA	E95E	10
5206	E95F	12
5207	E960	11
5211	E961	10
521D	E962	11
5224	E963	10
5225	E964	11
5229	E965	10
5230	E966	10
5236	E967	11
5238	E968	11
523B	E969	11
524D	E96A	11
525B	E96B	11
5263	E96C	11
5265	E96D	11
529B	E96E	11
529F	E96F	11
52A0	E970	11
52B9	E971	11
52D5	E972	11
5316	E973	11
5317	E974	12
5341	E975	11
5370	E976	11
5374	E977	11
53CD	E978	11
53CE	E979	12
53D6	E97A	11
53D7	E97B	11
53E4	E97C	11
53E9	E97D	11
53EF	E97E	11
53F0	E97F	11
53F3	E980	11
53F7	E981	10
53F8	E982	10
5404	E983	11
5408	E984	11
540C	E985	11
540D	E986	10
5411	E987	11
5426	E988	12
542B	E989	11
5468	E98A	11
547D	E98B	11
54C1	E98C	11
5668	E98D	12
56DE	E98E	11
56F2	E98F	11
56F3	E990	11
56FA	E991	11
5728	E992	11
5730	E993	12
57CE	E994	11
57DF	E995	11
57F7	E996	11
57FA	E997	12
5831	E998	11
5834	E999	11
5883	E99A	11
5893	E99B	11
5897	E99C	11
58C1	E99D	11
58C7	E99E	11
58CA	E99F	11
58EB	E9A0	11
5909	E9A1	11
5916	E9A2	12
5927	E9A3	12
5929	E9A4	11
592A	E9A5	12
592B	E9A6	12
592E	E9A7	12
5931	E9A8	12
59CB	E9A9	11
5A92	E9AA	12
5B50	E9AB	12
5B57	E9AC	11
5B58	E9AD	11
5B88	E9AE	11
5B89	E9AF	11
5B8C	E9B0	11
5B98	E9B1	11
5B9A	E9B2	11
5B9D	E9B3	11
5B9F	E9B4	11
5BB9	E9B5	11
5BC4	E9B6	11
5BC6	E9B7	12
5BCC	E9B8	12
5BFE	E9B9	11
5C02	E9BA	11
5C11	E9BB	11
5C3D	E9BC	12
5C3E	E9BD	11
5C4A	E9BE	11
5C55	E9BF	11
5C5E	E9C0	11
5C65	E9C1	11
5CA9	E9C2	11
5D29	E9C3	11
5D50	E9C4	11
5DE5	E9C5	11
5DE6	E9C6	11
5DE8	E9C7	11
5E03	E9C8	11
5E0C	E9C9	11
5E2B	E9CA	11
5E2F	E9CB	11
5E30	E9CC	11
5E33	E9CD	11
5E38	E9CE	11
5E73	E9CF	11
5E78	E9D0	11
5E83	E9D1	10
5E8A	E9D2	11
5EA6	E9D3	11
5EAB	E9D4	11
5EAD	E9D5	11
5F0F	E9D6	12
5F15	E9D7	10
5F27	E9D8	11
5F31	E9D9	11
5F37	E9DA	11
5F53	E9DB	10
5F62	E9DC	11
5F6B	E9DD	12
5F81	E9DE	11
5F85	E9DF	11
5F8C	E9E0	12
5F97	E9E1	11
5FA1	E9E2	11
5FA9	E9E3	11
5FAA	E9E4	12
5FC3	E9E5	11
5FC5	E9E6	11
5FDC	E9E7	11
6012	E9E8	11
6027	E9E9	12
60C5	E9EA	10
610F	E9EB	11
611F	E9EC	11
614B	E9ED	11
61A4	E9EE	11
6210	E9EF	12
6226	E9F0	11
623B	E9F1	11
623F	E9F2	11
6240	E9F3	11
624B	E9F4	11
6253	E9F5	11
6280	E9F6	11
629E	E9F7	11
62BC	E9F8	11
62BD	E9F9	11
62D2	E9FA	12
62D3	E9FB	11
62E0	E9FC	11
62FE	E9FD	11
6301	E9FE	12
6311	E9FF	11
6398	EA00	11
63A1	EA01	11
63A2	EA02	11
63A5	EA03	11
63CF	EA04	11
63D0	EA05	11
63DA	EA06	11
63DB	EA07	11
640D	EA08	11
6483	EA09	11
64CD	EA0A	11
652F	EA0B	11
6539	EA0C	12
653B	EA0D	12
653E	EA0E	11
6557	EA0F	12
6570	EA10	11
6574	EA11	11
6575	EA12	12
6599	EA13	12
659C	EA14	11
65A7	EA15	11
65AC	EA16	12
65AD	EA17	11
65B0	EA18	11
65B9	EA19	11
65BD	EA1A	12
65C5	EA1B	11
65CB	EA1C	12
65E2	EA1D	11
65E7	EA1E	10
6607	EA1F	11
660E	EA20	11
6620	EA21	11
6642	EA22	11
666F	EA23	11
6676	EA24	11
66F2	EA25	11
66F4	EA26	12
66F8	EA27	11
66FF	EA28	12
6700	EA29	11
671F	EA2A	11
6728	EA2B	11
672A	EA2C	11
672C	EA2D	11
6750	EA2E	11
6761	EA2F	11
676F	EA30	11
677F	EA31	11
679A	EA32	12
679C	EA33	12
67A0	EA34	11
683C	EA35	12
68EE	EA36	11
690D	EA37	12
691C	EA38	12
69CB	EA39	12
69CC	EA3A	12
69CD	EA3B	11
69D8	EA3C	11
6A2A	EA3D	11
6A39	EA3E	11
6A5F	EA3F	11
6B04	EA40	12
6B20	EA41	11
6B21	EA42	12
6B62	EA43	11
6B63	EA44	11
6B66	EA45	11
6B69	EA46	11
6B74	EA47	11
6B7B	EA48	11
6B8B	EA49	10
6BB5	EA4A	11
6BCE	EA4B	11
6C34	EA4C	12
6C37	EA4D	12
6C8C	EA4E	11
6CC1	EA4F	11
6CE2	EA50	11
6D17	EA51	11
6D41	EA52	11
6D44	EA53	11
6D88	EA54	11
6DF1	EA55	11
6DF7	EA56	12
6E08	EA57	11
6E1B	EA58	11
6E21	EA59	11
6E2F	EA5A	11
6E80	EA5B	11
6E90	EA5C	11
6E96	EA5D	11
6EB6	EA5E	11
706B	EA5F	11
7070	EA60	12
7089	EA61	11
708E	EA62	11
70B9	EA63	12
7121	EA64	11
713C	EA65	11
7194	EA66	11
719F	EA67	11
71FC	EA68	11
7247	EA69	10
7269	EA6A	11
7279	EA6B	11
72B6	EA6C	10
72C2	EA6D	12
72D9	EA6E	11
7344	EA6F	11
7363	EA70	11
7372	EA71	11
7387	EA72	11
738B	EA73	11
73FE	EA74	11
7406	EA75	11
74B0	EA76	12
751F	EA77	11
7528	EA78	11
7531	EA79	10
753B	EA7A	11
754C	EA7B	12
7559	EA7C	11
7565	EA7D	11
756A	EA7E	11
7570	EA7F	11
75BE	EA80	11
75DB	EA81	11
767A	EA82	11
7684	EA83	11
76AE	EA84	11
76E4	EA85	11
76EE	EA86	10
76F4	EA87	11
76FE	EA88	11
7701	EA89	11
7740	EA8A	11
77E5	EA8B	11
77ED	EA8C	11
77F3	EA8D	11
7815	EA8E	11
7825	EA8F	11
7834	EA90	11
78BA	EA91	11
790E	EA92	11
793A	EA93	11
795E	EA94	11
796D	EA95	11
79D2	EA96	11
79FB	EA97	11
7A2E	EA98	11
7A63	EA99	12
7A76	EA9A	12
7A7A	EA9B	11
7ACB	EA9C	11
7AEF	EA9D	11
7B2C	EA9E	11
7BA1	EA9F	11
7BB1	EAA0	11
7BC4	EAA1	12
7C89	EAA2	12
7C92	EAA3	11
7CBE	EAA4	11
7CFB	EAA5	11
7D20	EAA6	11
7D22	EAA7	12
7D30	EAA8	11
7D42	EAA9	12
7D4C	EAAA	12
7D50	EAAB	11
7D61	EAAC	12
7D66	EAAD	11
7D71	EAAE	11
7D76	EAAF	11
7D9A	EAB0	12
7DAD	EAB1	11
7DD1	EAB2	11
7DDA	EAB3	11
7DF4	EAB4	12
7E2E	EAB5	11
7E4A	EAB6	12
7F6E	EAB7	11
7F85	EAB8	11
7FA4	EAB9	11
8005	EABA	11
8017	EABB	11
8056	EABC	11
80B2	EABD	11
80FD	EABE	12
8102	EABF	11
8107	EAC0	11
8108	EAC1	11
8131	EAC2	11
81EA	EAC3	10
81F4	EAC4	11
8272	EAC5	11
8349	EAC6	11
843D	EAC7	11
8599	EAC8	11
85AC	EAC9	11
8840	EACA	11
884C	EACB	11
8853	EACC	10
885B	EACD	11
8868	EACE	11
88AB	EACF	12
88C2	EAD0	11
88C5	EAD1	12
88DC	EAD2	11
88FD	EAD3	11
8907	EAD4	11
8981	EAD5	11
8987	EAD6	11
898B	EAD7	11
8996	EAD8	11
899A	EAD9	11
89A7	EADA	11
89B3	EADB	11
89D2	EADC	10
89E3	EADD	11
89E6	EADE	11
8A00	EADF	11
8A0E	EAE0	11
8A2D	EAE1	11
8A3C	EAE2	11
8A55	EAE3	11
8A60	EAE4	11
8A66	EAE5	11
8A70	EAE6	11
8A73	EAE7	11
8A8D	EAE8	11
8A93	EAE9	11
8AAC	EAEA	11
8AAD	EAEB	11
8ABF	EAEC	11
8B58	EAED	11
8B77	EAEE	11
8C4A	EAEF	11
8C61	EAF0	12
8C6A	EAF1	11
8CA8	EAF2	12
8CBB	EAF3	11
8CC7	EAF4	12
8CEA	EAF5	11
8D64	EAF6	11
8D77	EAF7	11
8D85	EAF8	11
8DB3	EAF9	11
8DDD	EAFA	11
8DEF	EAFB	12
8E0F	EAFC	11
8EE2	EAFD	11
8EFD	EAFE	11
8FBC	EAFF	12
8FD1	EB00	11
8FD4	EB01	11
8FFD	EB02	12
9001	EB03	11
9014	EB04	11
901A	EB05	11
901F	EB06	11
9020	EB07	11
9023	EB08	12
9032	EB09	12
904A	EB0A	11
904B	EB0B	11
9053	EB0C	12
9054	EB0D	11
9060	EB0E	12
9069	EB0F	11
9078	EB10	11
907A	EB11	12
907F	EB12	11
9084	EB13	11
90E8	EB14	11
914D	EB15	11
916C	EB16	11
91CD	EB17	12
91CF	EB18	12
91D1	EB19	11
91DD	EB1A	11
9244	EB1B	11
9271	EB1C	11
92ED	EB1D	11
92F3	EB1E	11
932C	EB1F	11
935B	EB20	11
938C	EB21	12
9396	EB22	11
9451	EB23	11
9577	EB24	11
9589	EB25	11
958B	EB26	11
9593	EB27	11
95D8	EB28	11
9632	EB29	11
9650	EB2A	11
967A	EB2B	12
968E	EB2C	12
9694	EB2D	11
969C	EB2E	12
96C6	EB2F	11
96D1	EB30	11
96E2	EB31	11
96F7	EB32	11
9707	EB33	11
9732	EB34	12
9762	EB35	11
9769	EB36	11
9805	EB37	12
9806	EB38	11
9810	EB39	12
982D	EB3A	11
985E	EB3B	11
98A8	EB3C	11
9A13	EB3D	12
9AD8	EB3E	11
9B54	EB3F	11
9B5A	EB40	12
9CF4	EB41	11
FF01	EB42	7
FF05	EB43	11
FF08	EB44	11
FF09	EB45	4
FF0B	EB46	10
FF0F	EB47	11
FF1A	EB48	7
FF1F	EB49	9
