video_id	title	status	url
1MmEr1N03Q8	September 2026 | Early Access Trailer	pending_visual_review	https://www.youtube.com/watch?v=1MmEr1N03Q8
rsJ7F4_kzYY	Mage | RPG Companion #2	pending_visual_review	https://www.youtube.com/watch?v=rsJ7F4_kzYY
3zUGg_wM9C4	Lava Salamander | RPG Beastiary #2	pending_visual_review	https://www.youtube.com/watch?v=3zUGg_wM9C4
COAHsq_40os	Lionheart Sword | RPG Weaponry #4	partial_frames_04_13_23_32_34_41s	https://www.youtube.com/watch?v=COAHsq_40os
hHji1r2UXAE	Phantom Bow | RPG Weaponry #3	partial_opening_closeup_and_spectral_shot	https://www.youtube.com/watch?v=hHji1r2UXAE
nA-rO6JiYT4	Hellhound | RPG Companion #1	pending_visual_review	https://www.youtube.com/watch?v=nA-rO6JiYT4
pNASZ32Qgk4	FREE Minecraft Loot Goblin [MythicMobs x ModelEngine]	pending_visual_review	https://www.youtube.com/watch?v=pNASZ32Qgk4
dBqy7vGlVAY	Goblin Brute | RPG Beastiary #1	pending_visual_review	https://www.youtube.com/watch?v=dBqy7vGlVAY
qUTc7UWUH20	Training Dummy | July Limited Bonus	pending_visual_review	https://www.youtube.com/watch?v=qUTc7UWUH20
g3uYhFqPYuQ	Crimson Dagger | RPG Weaponry #2	partial_frames_05_10_15_20_25s	https://www.youtube.com/watch?v=g3uYhFqPYuQ
_0uh2BiO404	Stormforged Staff | RPG Weaponry #1	partial_display_and_voltage_collapse	https://www.youtube.com/watch?v=_0uh2BiO404
6FTnPLRCCWQ	Minecraft RPG Class Awakened | Spiritcaller	pending_visual_review	https://www.youtube.com/watch?v=6FTnPLRCCWQ
c0Qh7vLjruI	Minecraft RPG Class Awakened | Cleric	pending_visual_review	https://www.youtube.com/watch?v=c0Qh7vLjruI
Bj2-forAYeQ	Minecraft RPG Class Awakened | Cryomancer	pending_visual_review	https://www.youtube.com/watch?v=Bj2-forAYeQ
83ALSw9MfhQ	Minecraft RPG Class Awakened | Arsenalist	pending_visual_review	https://www.youtube.com/watch?v=83ALSw9MfhQ
lyIbZmaBjow	Minecraft RPG Class Awakened | Paladin	pending_visual_review	https://www.youtube.com/watch?v=lyIbZmaBjow
JKzpf_D-VfQ	Minecraft RPG Class Awakened | Ninja Samurai	pending_visual_review	https://www.youtube.com/watch?v=JKzpf_D-VfQ
tkPz2rsDeBQ	Minecraft RPG Mobs | Spiders	pending_visual_review	https://www.youtube.com/watch?v=tkPz2rsDeBQ
FiYXH0nBBV0	Build Your Dream Minecraft Server | SamusDev	pending_visual_review	https://www.youtube.com/watch?v=FiYXH0nBBV0
F6ScqMn11Xw	Minecraft RPG Class Awakened | Necromancer	pending_visual_review	https://www.youtube.com/watch?v=F6ScqMn11Xw
W2w7HHKp_9g	Minecraft RPG Class Awakened | Bard	pending_visual_review	https://www.youtube.com/watch?v=W2w7HHKp_9g
ttMQQve1i1Y	Minecraft RPG Class Awakened | Pyromancer	pending_visual_review	https://www.youtube.com/watch?v=ttMQQve1i1Y
Sv5AaDvTjA0	Minecraft RPG Class Awakened | Gunslinger	pending_visual_review	https://www.youtube.com/watch?v=Sv5AaDvTjA0
WR6NQB7NmgY	Minecraft RPG Class Awakened | Dragon Warrior	pending_visual_review	https://www.youtube.com/watch?v=WR6NQB7NmgY
q1jhPjZXSY4	Minecraft RPG Class Boss | Summoner	pending_visual_review	https://www.youtube.com/watch?v=q1jhPjZXSY4
jkVegfWyLAs	Minecraft RPG Class Boss | Shaman	pending_visual_review	https://www.youtube.com/watch?v=jkVegfWyLAs
VwAtq-_WGSo	Minecraft RPG Class Awakened | Martial Artist	pending_visual_review	https://www.youtube.com/watch?v=VwAtq-_WGSo
CYOvwICv9w8	Minecraft RPG Class Heroes | Beast Slayer	pending_visual_review	https://www.youtube.com/watch?v=CYOvwICv9w8
6XySGU8yh3E	Minecraft RPG Class Awakened | Summoner	pending_visual_review	https://www.youtube.com/watch?v=6XySGU8yh3E
gb213qutH0Y	Minecraft RPG Class Boss | Mage	pending_visual_review	https://www.youtube.com/watch?v=gb213qutH0Y
eH7ltU1v0gM	Minecraft RPG Class Awakened | Shaman	pending_visual_review	https://www.youtube.com/watch?v=eH7ltU1v0gM
AiYHev7c-NU	Minecraft RPG Class Boss | Archer	pending_visual_review	https://www.youtube.com/watch?v=AiYHev7c-NU
q_BahMUhVZI	Minecraft RPG Class Awakened | Mage	pending_visual_review	https://www.youtube.com/watch?v=q_BahMUhVZI
2C7hbR8LnD4	Minecraft RPG Class Heroes | Flame Warrior	pending_visual_review	https://www.youtube.com/watch?v=2C7hbR8LnD4
nbq-iTR_I5E	Minecraft RPG Class Boss | Warrior	pending_visual_review	https://www.youtube.com/watch?v=nbq-iTR_I5E
vjryTUZdotw	Minecraft RPG Class Awakened | Archer	pending_visual_review	https://www.youtube.com/watch?v=vjryTUZdotw
KNm_fAlKWSw	Minecraft RPG Class Awakened | Warrior	pending_visual_review	https://www.youtube.com/watch?v=KNm_fAlKWSw
X8z89_7k8Ig	Minecraft RPG Class Heroes | Thunder Ronin	pending_visual_review	https://www.youtube.com/watch?v=X8z89_7k8Ig
xTYS8rZin3c	Minecraft RPG Class Heroes | Water Samurai	pending_visual_review	https://www.youtube.com/watch?v=xTYS8rZin3c
HHnywSWvLoo	Minecraft RPG Class Boss | Assassin	pending_visual_review	https://www.youtube.com/watch?v=HHnywSWvLoo
fdKcMqYCt4M	Minecraft RPG Class Awakened | Assassin	pending_visual_review	https://www.youtube.com/watch?v=fdKcMqYCt4M
0Qdjpje_cHQ	Minecraft RPG Mobs | Ents	pending_visual_review	https://www.youtube.com/watch?v=0Qdjpje_cHQ
dA31q9RK6Ow	Minecraft RPG Essentials | Training	pending_visual_review	https://www.youtube.com/watch?v=dA31q9RK6Ow
mXbayMKlHGM	Minecraft RPG Essentials | Core	pending_visual_review	https://www.youtube.com/watch?v=mXbayMKlHGM
4cagZwdjvdU	Minecraft RPG Class Legends | Death Knight	pending_visual_review	https://www.youtube.com/watch?v=4cagZwdjvdU
Jk41bTcLwo4	Minecraft RPG Mobs | Goblins	pending_visual_review	https://www.youtube.com/watch?v=Jk41bTcLwo4
0F815ShhTZo	Minecraft RPG Mobs | Skeletons	pending_visual_review	https://www.youtube.com/watch?v=0F815ShhTZo
c5_uwtQkZ7Q	Minecraft RPG Furniture | Village	pending_visual_review	https://www.youtube.com/watch?v=c5_uwtQkZ7Q
c0ANDpQkLDs	Minecraft RPG Class Legends | Terramancer	pending_visual_review	https://www.youtube.com/watch?v=c0ANDpQkLDs
ClgYExwg23w	Golem Pack | Minecraft Mobs & Boss	pending_visual_review	https://www.youtube.com/watch?v=ClgYExwg23w
Z-E70qYZ97s	Minecraft RPG Class Legends | Phoenix Hunter	pending_visual_review	https://www.youtube.com/watch?v=Z-E70qYZ97s
iY_oC9RQOaQ	Minecraft RPG Companions | VOL 2	pending_visual_review	https://www.youtube.com/watch?v=iY_oC9RQOaQ
SZ2HjCRNSnc	Minecraft RPG Items | VOL 2	pending_visual_review	https://www.youtube.com/watch?v=SZ2HjCRNSnc
ROogKdwbF4k	Minecraft RPG Mob Series | The End	pending_visual_review	https://www.youtube.com/watch?v=ROogKdwbF4k
OfEWPNtU9sI	Samus Cosmetics | VOL 1	pending_visual_review	https://www.youtube.com/watch?v=OfEWPNtU9sI
z0K_DfzCQV0	Minecraft RPG Class Essentials | VOL 1	pending_visual_review	https://www.youtube.com/watch?v=z0K_DfzCQV0
QRFZJ9pItDY	Minecraft RPG Class Legends | Bloodmoon Vampire	pending_visual_review	https://www.youtube.com/watch?v=QRFZJ9pItDY
c5EKO-DZDQM	Minecraft RPG Boss | Direfang	pending_visual_review	https://www.youtube.com/watch?v=c5EKO-DZDQM
HEab_TsXdlA	RPG Companions | VOL 1	pending_visual_review	https://www.youtube.com/watch?v=HEab_TsXdlA
avfYs1gHLYI	Minecraft RPG Class Expansion | Archer	pending_visual_review	https://www.youtube.com/watch?v=avfYs1gHLYI
SvwhqF-z-kE	Minecraft RPG Item | Terra Warhammer	pending_visual_review	https://www.youtube.com/watch?v=SvwhqF-z-kE
tCZclrb3rj8	Minecraft Mobs & Boss | Elven Pack	pending_visual_review	https://www.youtube.com/watch?v=tCZclrb3rj8
WeleQkNo6ok	Minecraft RPG Class Legends | Gale Glaive	pending_visual_review	https://www.youtube.com/watch?v=WeleQkNo6ok
_Iols1ic6Ls	Minecraft RPG Items | VOL 1	pending_visual_review	https://www.youtube.com/watch?v=_Iols1ic6Ls
3k85SULzZM4	Minecraft Mounts | VOL.5	pending_visual_review	https://www.youtube.com/watch?v=3k85SULzZM4
xPXr5O5ojUY	Minecraft RPG Class Series | Artificer	pending_visual_review	https://www.youtube.com/watch?v=xPXr5O5ojUY
P-TLEUqq_q4	Minecraft RPG Class Series | Monk	pending_visual_review	https://www.youtube.com/watch?v=P-TLEUqq_q4
qH5mz9UqIE0	Minecraft Mobs & Boss Showcase | Undead Pack	pending_visual_review	https://www.youtube.com/watch?v=qH5mz9UqIE0
hwIlYjkuzMw	Minecraft Mobs & Boss Showcase | Dragon Pack	pending_visual_review	https://www.youtube.com/watch?v=hwIlYjkuzMw
f2Nmx82I7VA	Minecraft RPG Class Legends | Arctic Knight	pending_visual_review	https://www.youtube.com/watch?v=f2Nmx82I7VA
rxeywaUd8Hc	Minecraft RPG Essentials | VOL 3	pending_visual_review	https://www.youtube.com/watch?v=rxeywaUd8Hc
gGxGxQ0W0Ww	Minecraft RPG Class Series | Barbarian	pending_visual_review	https://www.youtube.com/watch?v=gGxGxQ0W0Ww
Cvju-gx8EE4	Minecraft RPG Class Series | Elementalist	pending_visual_review	https://www.youtube.com/watch?v=Cvju-gx8EE4
j5oqvdBuWNM	Halloween Bundle - Skills, Mounts, and Pets!	pending_visual_review	https://www.youtube.com/watch?v=j5oqvdBuWNM
rSGKOb9UR4M	Minecraft RPG Class Series | Illusionist	pending_visual_review	https://www.youtube.com/watch?v=rSGKOb9UR4M
iS5VVhRqZZo	Minecraft Mounts | VOL.4	pending_visual_review	https://www.youtube.com/watch?v=iS5VVhRqZZo
Sx3jYNmKx4g	Minecraft RPG Pets | VOL 7~8	pending_visual_review	https://www.youtube.com/watch?v=Sx3jYNmKx4g
MfFPz2KgZzA	Minecraft RPG Class Series | Reaper	pending_visual_review	https://www.youtube.com/watch?v=MfFPz2KgZzA
eiSU3uasvXU	Minecraft RPG Essentials | VOL 2	pending_visual_review	https://www.youtube.com/watch?v=eiSU3uasvXU
1QDt8IDlA2w	Minecraft Mobs & Boss Showcase | Icebound Pack	pending_visual_review	https://www.youtube.com/watch?v=1QDt8IDlA2w
xIUpN4w46BI	Minecraft RPG Class Series | Beastmaster	pending_visual_review	https://www.youtube.com/watch?v=xIUpN4w46BI
FW_BnM8eWSI	Minecraft RPG Essentials | VOL 1	pending_visual_review	https://www.youtube.com/watch?v=FW_BnM8eWSI
NLr-FZG2JuI	Minecraft RPG Class Series | Cleric	pending_visual_review	https://www.youtube.com/watch?v=NLr-FZG2JuI
NskkdwGXDvI	Minecraft Mounts | VOL.3	pending_visual_review	https://www.youtube.com/watch?v=NskkdwGXDvI
TlsMap4BeHE	Minecraft Mobs & Boss Showcase | Plant Pack	pending_visual_review	https://www.youtube.com/watch?v=TlsMap4BeHE
U6N1AvTXai0	Minecraft RPG Pets | VOL 4~6	pending_visual_review	https://www.youtube.com/watch?v=U6N1AvTXai0
bqmkre5OJ4E	Minecraft RPG Class Series | Archmage	pending_visual_review	https://www.youtube.com/watch?v=bqmkre5OJ4E
b5TvLYDHtxE	Minecraft Wildlife | VOL.1	pending_visual_review	https://www.youtube.com/watch?v=b5TvLYDHtxE
CzxPXqmNR34	Minecraft RPG Class Series | Shadowmancer	pending_visual_review	https://www.youtube.com/watch?v=CzxPXqmNR34
eVLyUFDJQ0w	Minecraft Mobs & Boss Showcase | Dwarf Pack	pending_visual_review	https://www.youtube.com/watch?v=eVLyUFDJQ0w
qxyzrzFhztc	Minecraft Mounts | VOL.2	pending_visual_review	https://www.youtube.com/watch?v=qxyzrzFhztc
kzWD1h4AlXY	Minecraft Mobs & Boss Showcase | Slime Pack	pending_visual_review	https://www.youtube.com/watch?v=kzWD1h4AlXY
IEAR0xyqRUw	Minecraft - Easter Bundle	pending_visual_review	https://www.youtube.com/watch?v=IEAR0xyqRUw
4KBubQ-Re8A	Minecraft RPG Pets | VOL 1~3	pending_visual_review	https://www.youtube.com/watch?v=4KBubQ-Re8A
5xnBqPWtLP8	Minecraft RPG Class Series | Ninja Samurai	pending_visual_review	https://www.youtube.com/watch?v=5xnBqPWtLP8
kQq6uBQJdWE	Minecraft Mounts | VOL.1	pending_visual_review	https://www.youtube.com/watch?v=kQq6uBQJdWE
qxo10SRb1iE	Minecraft RPG Class Series | Paladin	pending_visual_review	https://www.youtube.com/watch?v=qxo10SRb1iE
budkEwsGTcE	Minecraft Boss Showcase | Cauldron of Death	pending_visual_review	https://www.youtube.com/watch?v=budkEwsGTcE
wQolQU3EPwg	AIBuilds - Official Trailer	pending_visual_review	https://www.youtube.com/watch?v=wQolQU3EPwg
kDZmcMKRwss	Minecraft Mobs & Boss Showcase | Skeleton Pack	pending_visual_review	https://www.youtube.com/watch?v=kDZmcMKRwss
K0GCLkTSta8	Minecraft RPG Class Series | Summoner	pending_visual_review	https://www.youtube.com/watch?v=K0GCLkTSta8
eiZ8mQA1834	Minecraft RPG Monster Series | Howling Nether	pending_visual_review	https://www.youtube.com/watch?v=eiZ8mQA1834
TCfrPZQSQFo	Minecraft RPG Class Series | Bard	pending_visual_review	https://www.youtube.com/watch?v=TCfrPZQSQFo
6BVEoQ9bE4s	Minecraft RPG Class Series | Martial Artist	pending_visual_review	https://www.youtube.com/watch?v=6BVEoQ9bE4s
7X0tpAQjgEU	Minecraft RPG Monster Series | Dark Forest	pending_visual_review	https://www.youtube.com/watch?v=7X0tpAQjgEU
K8Bt6MbCzP8	Minecraft RPG Class Series | Druid	pending_visual_review	https://www.youtube.com/watch?v=K8Bt6MbCzP8
IalBwCsl4Uc	Minecraft RPG Class Series | Dragon Warrior	pending_visual_review	https://www.youtube.com/watch?v=IalBwCsl4Uc
d-OCwPws48w	FOOD PACK 2	pending_visual_review	https://www.youtube.com/watch?v=d-OCwPws48w
lgdJpB8h7zg	Christmas In Minecraft | Ultimate Bundle	pending_visual_review	https://www.youtube.com/watch?v=lgdJpB8h7zg
heXal0ktxl4	Minecraft RPG Class Series | Gunner	pending_visual_review	https://www.youtube.com/watch?v=heXal0ktxl4
d8fHu6LPaSQ	Minecraft RPG Class Series | Mage	pending_visual_review	https://www.youtube.com/watch?v=d8fHu6LPaSQ
NnBwwvCdKdQ	Scorpion King | Minecraft Custom Boss	pending_visual_review	https://www.youtube.com/watch?v=NnBwwvCdKdQ
-YmXeWO75Ho	Overwatch 2 in Minecraft | Genji	pending_visual_review	https://www.youtube.com/watch?v=-YmXeWO75Ho
dx3P0py1BhA	Minecraft RPG Class Series | Archer	pending_visual_review	https://www.youtube.com/watch?v=dx3P0py1BhA
WJBAtaV1pKw	Minecraft RPG Class Series | Warrior	pending_visual_review	https://www.youtube.com/watch?v=WJBAtaV1pKw
M59NDe8X3dM	Minecraft RPG Class Series | Shaman	pending_visual_review	https://www.youtube.com/watch?v=M59NDe8X3dM
PLwfwIa_LGs	Minecraft RPG Class Series | Necromancer	pending_visual_review	https://www.youtube.com/watch?v=PLwfwIa_LGs
OCcFrmJvykI	The Necromancer	pending_visual_review	https://www.youtube.com/watch?v=OCcFrmJvykI
ElW1zA088Mw	The Ice Golem	pending_visual_review	https://www.youtube.com/watch?v=ElW1zA088Mw
tAaKBFQ0cyc	Food Pack	pending_visual_review	https://www.youtube.com/watch?v=tAaKBFQ0cyc
NglQOJe9otg	Minecraft RPG Class Series | Assassin	pending_visual_review	https://www.youtube.com/watch?v=NglQOJe9otg
2oO4GmDSrCs	Null | The Void Archer	pending_visual_review	https://www.youtube.com/watch?v=2oO4GmDSrCs
Ib4BETl6Jg8	Null: The Void Archer | Teaser	pending_visual_review	https://www.youtube.com/watch?v=Ib4BETl6Jg8
OEGHkOBi0Iw	Glacia | The Ice Queen	pending_visual_review	https://www.youtube.com/watch?v=OEGHkOBi0Iw
kWpEmgYjapk	Orc Pack	pending_visual_review	https://www.youtube.com/watch?v=kWpEmgYjapk
nhRiHzEeHkg	Thor | The God of Thunder	pending_visual_review	https://www.youtube.com/watch?v=nhRiHzEeHkg
LugwPopWhPk	Ender Set | The Void Mage	pending_visual_review	https://www.youtube.com/watch?v=LugwPopWhPk
JxfgI4lBviE	Phantom Set | The Ghost Reaper	pending_visual_review	https://www.youtube.com/watch?v=JxfgI4lBviE
hCwsV8O9g_8	Prismarine Set | The Ocean Soldier	pending_visual_review	https://www.youtube.com/watch?v=hCwsV8O9g_8
tqkiSYae1OQ	Amethyst Set | The Amethyst Spearman	pending_visual_review	https://www.youtube.com/watch?v=tqkiSYae1OQ
wexrOBp9OSE	Emerald Set | The Emerald Warrior	partial_frames_08_24s	https://www.youtube.com/watch?v=wexrOBp9OSE
NqAK6oth3S8	The Gargoyle King	pending_visual_review	https://www.youtube.com/watch?v=NqAK6oth3S8
dO2FEPfwmt8	Mythical Creatures VOL.1	pending_visual_review	https://www.youtube.com/watch?v=dO2FEPfwmt8
Mv2pHRXVz3k	House Pets Pack	pending_visual_review	https://www.youtube.com/watch?v=Mv2pHRXVz3k
q_-BeYYJWF8	Jungle Animals Pack	pending_visual_review	https://www.youtube.com/watch?v=q_-BeYYJWF8
-yofa0Ll4bw	Mo' Pets 4 | Ultimate Edition	pending_visual_review	https://www.youtube.com/watch?v=-yofa0Ll4bw
fQOgKrJT7mA	Ninja Pack	pending_visual_review	https://www.youtube.com/watch?v=fQOgKrJT7mA
wEfNBzyIvE8	The Dragon Monk | Full Boss Fight (Better FPS)	pending_visual_review	https://www.youtube.com/watch?v=wEfNBzyIvE8
SQGcv4_HJ0E	The Dragon Monk	pending_visual_review	https://www.youtube.com/watch?v=SQGcv4_HJ0E
62uDsdREBkY	RPG Mob Pack 1	pending_visual_review	https://www.youtube.com/watch?v=62uDsdREBkY
sgqlxIC6gCE	Emotes Expansion Pack	pending_visual_review	https://www.youtube.com/watch?v=sgqlxIC6gCE
tjo96iYfvAU	Player Emotes Pack	pending_visual_review	https://www.youtube.com/watch?v=tjo96iYfvAU
Gky05U_2mHk	Dimitrios | The Goddess of Earth	pending_visual_review	https://www.youtube.com/watch?v=Gky05U_2mHk
JlByVUAe2Tw	Pirate Pack	pending_visual_review	https://www.youtube.com/watch?v=JlByVUAe2Tw
65lAglMgxlE	Zephyr | The Wind Assassin	pending_visual_review	https://www.youtube.com/watch?v=65lAglMgxlE
b4Rq5750mg4	Flamos | The Flame Reaper	pending_visual_review	https://www.youtube.com/watch?v=b4Rq5750mg4
B3RhIKwv2fk	Abyssion | The Sea Warrior	pending_visual_review	https://www.youtube.com/watch?v=B3RhIKwv2fk
Y5wWFgaEZZo	Mo' Pets 3 | Battle Edition	pending_visual_review	https://www.youtube.com/watch?v=Y5wWFgaEZZo
hFzUn4goyCw	Ent Pack	pending_visual_review	https://www.youtube.com/watch?v=hFzUn4goyCw
5NaZ12LWeWw	The Archangel	pending_visual_review	https://www.youtube.com/watch?v=5NaZ12LWeWw
amoxTrObB18	Valentine Pack	pending_visual_review	https://www.youtube.com/watch?v=amoxTrObB18
9TnEJNg3A6A	Mo' Pets 2	pending_visual_review	https://www.youtube.com/watch?v=9TnEJNg3A6A
gaSYlQBVoZ8	Mo' Pets	pending_visual_review	https://www.youtube.com/watch?v=gaSYlQBVoZ8
NhSp1Q3yhek	Godrius | The Armed Beast	pending_visual_review	https://www.youtube.com/watch?v=NhSp1Q3yhek
x1ETT01zOC8	[Minecraft] New Year Pack	pending_visual_review	https://www.youtube.com/watch?v=x1ETT01zOC8
lDB7pVYGm_E	[Minecraft] Antarctica Pack	pending_visual_review	https://www.youtube.com/watch?v=lDB7pVYGm_E
6tnEVTVFETU	[Minecraft] Forest Pack	pending_visual_review	https://www.youtube.com/watch?v=6tnEVTVFETU
n_0EC0GBx_w	[MythicMobs] Earth Dragon	pending_visual_review	https://www.youtube.com/watch?v=n_0EC0GBx_w
